{
  "piccadilly_westbound": {
    "x": -1.022317137105564,
    "y": -5.098920980568243,
    "yaw": 1.3371200740978577,
    "frame_id": "map"
  },
  "piccadilly_eastbound": {
    "x": -1.022317137105564,
    "y": -5.098920980568243,
    "yaw": 1.3371200740978577,
    "frame_id": "map"
  },
  "district_eastbound": {
    "x": 1.721518134430488,
    "y": -6.6895052432572895,
    "yaw": -3.1082462633315133,
    "frame_id": "map"
  },
  "test_point": {
    "x": -1.022317137105564,
    "y": -5.098920980568243,
    "yaw": 1.3371200740978577,
    "frame_id": "map"
  },
  "district_westbound": {
    "x": 1.6631202569685122,
    "y": 5.325604415168859,
    "yaw": -1.8069967403985494,
    "frame_id": "map"
  },
  "district_westbound_2": {
    "x": 1.1946393327414317,
    "y": 4.168590933295079,
    "yaw": 2.9235548764830748,
    "frame_id": "map"
  }
}